id,Nome do Projeto,Churn realizado,Modalidade de Vendas,Fee,Step,Coodernador,Account,GT,Data da Atualização,Nota MQL/Demanda,Justificativa MQL/Demanda,Nota Atrasos,Justificativa Atrasos,Nota Qualidade,Justificativa Qualidade,Nota Relacionamento,Justificativa Relacionamento,Nota Resultado,Justificativa Resultado,Flag média,Pontuação ponderada,Resumo Histórico (4 semanas),Resultados,Customer Care Status,Tem Loop Aberto,Link do Loop (doc),Start Plano,Link projeto Ekyte,Deadline Plano,Auditado pelo Coordenador?,Data da Ultima auditoria?,Tem CRM?,Total Media Plan,Meta Media Plan,Google Media Plan,Forma de pagamento Meta,Forma de pagamento Google,Saldo em Conta Meta,Saldo em Conta Google,LT ,Data de início do contrato,Data de vencimento do contrato / Aviso prévio,Last CSAT Matriz (m/ano),Geral,CSAT atendimento,CSAT campanhas,CSAT Copy,CSAT Design,CSAT prazo,CSAT resultados,MHS,NPS,Tier,ARR,GMV / Mensal,Cidade,Segment,Link CAC Mapeado,Link do Growthpack,Link PIC,Link Contrato,Planjamento do Q3,Drive do Cliente,Column 59
1080125318,POLIPISO DO BRASIL LTDA,Não,Inside Sales," R$  4.500,00 ",V2,Cadu,Andrius ,Felipe ,31/07/2026,4,Meta de 230 MQL/mês sendo batida (596 MQLs no último quarter); geração saudável.,1,"4 tarefas ativas vencidas na workspace, máx. 3 dias de atraso.",3,Nenhum pedido de refação identificado no Loop de 28/07.,2,"Apenas 2 check-ins ROPRE confirmados no mês via Agenda (23/07, 31/07) com cliente presente (rafaela@, jose.augusto@, vendas1@polipiso.com.br) — abaixo do ritmo semanal esperado. Nenhuma transcrição de julho localizada (só um anexo reciclado de 2024).",2,"Gargalo severo MQL→SQL (~3,6%; só 20 de 596 MQLs viraram oportunidade); 9 vendas no quarter, faturamento ~31% da meta anual — abaixo do potencial apesar da boa geração.",🔴 VERMELHO,63,"2 avaliações válidas confirmadas via Agenda (23, 31/07), abaixo da cadência semanal esperada. Geração de MQL forte o mês inteiro (596 MQLs no quarter), mas gargalo severo na conversão para venda (~3,6% MQL→SQL) permanece sem solução. Nenhuma transcrição de julho localizada. Tendência: indeterminada (falta transcrição) | flag histórica: vermelha (por atrasos) | confiança: baixa.",10,Saudável,Não,Gestão de Alerta (Loop),-,eKyte,-,Não,,Sim,"R$ 5.000,00","R$ 4.000,00","R$ 1.000,00",Boleto,Boleto,,,30,22/01/2024,60 dias,06/2026,4,3,4,5,5,5,5,Pouco Desapontado,9,LARGE,"R$ 96.000.000,00","R$ 8.000.000,00","Distrito Industrial, Descalvado",Indústria,MC e Breakeven | Polipiso ,Polipiso | GrowthPack V26 (Inside Sales),,Link do Contrato,Pendente,250. Polipiso,
,SLEEP HOUSE,Não,Inside Sales," R$  12.187,30 ",V1,Cadu,Andrius ,Felipe ,31/07/2026,1,Nenhum dado de funil discutido; CRM ainda não configurado (projeto em reestruturação).,1,"3 tarefas ativas vencidas na workspace, máx. 9 dias de atraso.",3,"Sem pedido de refação — sem entrega avaliável, projeto em reestruturação.",2,"2 check-ins ROPRE confirmados no mês (24/07, 29/07) com cliente presente. Transcrição de 29/07: metas de vendas de R$30.000, foco em Piracicaba, CRM sendo aprimorado para rastrear perdas — estruturação ativa, mas cadência abaixo do semanal completo.",1,Meta sendo renegociada (R$40k→R$30k/mês); nenhum resultado de venda apresentado no período.,🔴 VERMELHO,43,"2 avaliações válidas (24, 29/07). Projeto ainda em fase de reestruturação: CRM travado por dependência do e-mail do cliente, meta sendo renegociada de R$40k para R$30k/mês. Tendência: indeterminada | flag histórica: vermelha | confiança: baixa.",5,Antecipação,Sim,Gestão de Alerta (Loop),17/07/2026,eKyte,24/07/2026,Não,,Sim,"R$ 5.500,00","R$ 4.500,00","R$ 1.000,00",Cartão,Cartão,,,2,11/05/2026,6 meses,-,4,5,5,4,4,4,4,Muito desapontado,8,SMALL,"R$ 2.000.000,00","R$ 166.666,67","Americana, Piracicaba",Varejo ,MC e Breakeven | Sleep House,GT precisa criar e atualizar,,Link do Contrato,Link da apresentação,684. SLEEP HOUSE,
,APOENA,Não,Inside Sales," R$  3.082,75 ",V1,Cadu,Andrius ,Felipe ,31/07/2026,2,"CPL em R$28 vs meta R$23 (~22% acima), puxado por campanha de LP que não performou.",2,"2 tarefas ativas vencidas na workspace, máx. 4 dias de atraso.",3,Sem pedido de refação.,3,"Cadência confirmada: 5 reuniões no mês (08,15,22,27,29/07), sempre com decisores presentes (eltz2004, gringschristiano, salvadorsam2010). Transcrição de 29/07: 28 leads gerados, 23 no funil, SDR dedicado (Vinicius) assumindo qualificação com SLA de 15min — decisão estratégica tomada em conjunto, sem atrito.",1,Nenhum número de reserva/ocupação fechada apresentado no período (meta é elevar ocupação de 8% para 12% em 90 dias).,🔴 VERMELHO,59,"5 avaliações válidas (08,15,22,27,29/07). Time comercial reestruturado (SDR dedicado, SLA de 15min) em resposta direta ao gargalo identificado — ação já em andamento, mas resultado (reservas fechadas) ainda não apareceu. CPL segue acima da meta. Tendência: melhorando (operacional) | flag histórica: vermelha (por resultado) | confiança: alta.","4,58",Saudável,Não,Gestão de Alerta (Loop),-,eKyte,,Não,,Não,,,,,,,,0,08/07/2026,6 meses,-,,,,,,,,,,,,"R$ 0,00",,Auditório,,,,Link do Contrato,-,737. AUDITÓRIO APOENA,
,SLEEP HOUSE IPIRANGA,Não,Inside Sales," R$  8.425,00 ",V1,Cadu,Andrius ,Felipe ,31/07/2026,2,"Fase de onboarding/pré-lançamento (metodologia DPMV), sem funil ativo ainda.",1,"3 tarefas ativas vencidas na workspace, máx. 3 dias de atraso.",2,Sem entrega ainda avaliável — onboarding em andamento.,3,"Cadência excelente: 7 reuniões confirmadas no mês (06,15,17,22,23,31/07), sempre com o cliente presente (wilson.buchala, carlabuchala). Transcrição de 31/07 mostra planejamento estratégico maduro: meta de 2% de market share, definição de competências dos gerentes, automação de distribuição de leads, governança via reuniões mensais.",3,Sem meta de Resultado pactuada — nota fixada em 3 até definição formal de meta (onboarding).,🔴 VERMELHO,59,"7 avaliações válidas (06,15,17,22,23,31/07), a maior cadência confirmada do lote. Onboarding evoluindo bem: metodologia DPMV concluída (Marketing, Mercado, Comercial), meta de 2% de market share definida, governança mensal estabelecida. Único ponto crítico é Atrasos no Ekyte. Tendência: melhorando (relacionamento e estruturação) | flag histórica: vermelha (só por atrasos) | confiança: alta.",0,Antecipação,Sim,Gestão de Alerta (Loop),17/07/2026,eKyte,24/07/2026,Não,,Sim,Ainda n foi definido,Ainda n foi definido,Ainda n foi definido,Ainda n foi definido,Ainda n foi definido,,,1,23/06/2026,12 meses,-,,-,-,-,-,-,-,-,-,MEDIUM,"R$ 9.600.000,00","R$ 800.000,00",Ipiranga - SP,Varejo ,GT precisa criar e atualizar,GT precisa criar e atualizar,,Link do Contrato,Link da apresentação,717. SLEEP HOUSE IPIRANGA,
,HIPER CHECK,Não,Inside Sales," R$  5.149,57 ",V1,Cadu,Andrius ,Felipe ,31/07/2026,2,"Meta de ~35 MQL/mês, entregando 22 (63% do pacing).",2,"2 tarefas ativas vencidas na workspace, máx. 9 dias de atraso.",3,Sem pedido de refação.,3,"Cadência confirmada: 4 check-ins no mês (03,16,21,30/07), sempre com cliente presente (andressa@, administrativo@hipercheck.com.br). Transcrição de 30/07: evolução operacional real (24 de 28 clientes com tarefas programadas no CRM), campanhas ajustadas (mensagem→formulário), migração para CRM conversacional com WhatsApp oficial.",1,"Metas genéricas (foco em volume, sem TCV/faturamento claro); nenhum número de resultado comercial apresentado no período.",🔴 VERMELHO,59,"4 avaliações válidas (03,16,21,30/07). Evolução operacional real: 24 de 28 clientes já com tarefas programadas no CRM, migração para WhatsApp oficial em andamento. MQL segue abaixo do pacing (63%) e sem número de resultado comercial claro. Tendência: melhorando (operacional) | flag histórica: vermelha (por resultado) | confiança: alta.",10,Antecipação,Sim,Gestão de Alerta (Loop),-,eKyte,-,Não,,Sim,"R$ 3.000,00","R$ 3.000,00","R$ 0,00",Boleto,Boleto,,,3,16/04/2026,6 meses,-,4,5,3,4,4,5,4,Pouco Desapontado,8,SMALL,"R$ 3.000.000,00","R$ 250.000,00",Vitória da Conquista,Serviços,MC e Breakeven | Hiper Check,GT precisa criar e atualizar,,Link do Contrato,Link da apresentação,666. HIPER CHECK,
1295927320,ST1 INTERNET,Sim,Inside Sales," R$  5.149,57 ",V2,Cadu,Andrius ,Felipe ,17/07/2026,FALSE,FALSE,FALSE,FALSE,FALSE,⚫ CRITICAL,10,,,,,,,10,Antecipação,Não,,,,,Não,,Sim,"R$ 12.000,00","R$ 5.500,00","R$ 6.500,00",Cartão,Cartão,,,6,30/01/2026,6 meses ,-,-,-,-,-,-,-,-,-,-,MEDIUM,"R$ 7.000.000,00","R$ 583.333,33",São Luís ,Provedor de internet ,[ST1 INTERNET] CAC e Breakeven - LTV.xlsx,ST1 Internet | GrowthPack V26 (Inside Sales),,Link do Contrato,Link da apresentação,604. ST1 INTERNET,
1280441490,FAMERTEC,Não,Inside Sales," R$  5.500,00 ",V1,Cadu,Andrius ,Felipe ,31/07/2026,1,Projeto em standby por indefinição de escopo; sem funil ativo no momento.,1,"5 tarefas ativas vencidas na workspace, máx. 3 dias de atraso.",3,"Social media em over-delivery, sem reclamação.",2,"Agenda confirma 5 reuniões no mês (02,09,14,23,30/07) com contatos reais (administrativo@, engenharia@famertec.com.br) — cadência operacional cumprida. Mas o decisor (dono, Rafael) segue ausente das decisões estratégicas de escopo, como já indicava o Loop. Não foi possível ler transcrição de julho (anexo do calendário está preso a um evento de janeiro).",1,Projeto em standby; nenhum resultado apresentado.,🔴 VERMELHO,43,"5 avaliações válidas (02,09,14,23,30/07). Cadência operacional cumprida com a equipe (administrativo, engenharia), mas decisor (dono, Rafael) segue ausente das decisões estratégicas de escopo — migração para ABM ainda travada por essa ausência. Tendência: estável (travado pela ausência do decisor) | flag histórica: vermelha | confiança: média (sem transcrição de julho para confirmar conteúdo).",0,Antecipação,Sim,Gestão de Alerta (Loop),17/07/2026,eKyte,24/07/2026,Não,,Sim,"R$ 3.700,00","R$ 500,00","R$ 3.200,00",Boleto,Boleto,,,6,08/01/2026,60 dias,06/2026,-,-,-,-,-,-,-,-,-,SMALL,"R$ 1.500.000,00","R$ 125.000,00",Flores da Cunha ,Indústria,MC e Breakeven | Famertec,[Growth Pack 3.0] - Famertec,,Link do Contrato,Link da apresentação,455. FAMERTEC,
,GSOL,Sim,Inside Sales," R$  9.797,00 ",V1,Cadu,Andrius ,Felipe ,22/06/2026,FALSE,FALSE,FALSE,FALSE,FALSE,⚫ CRITICAL,10,,,,,,,10,Saudável,Não,,,,,Não,,Não,"R$ 6.000,00","R$ 5.000,00","R$ 1.000,00",-,-,,,1519,,-,-,,-,-,-,-,-,-,-,-,SMALL,"R$ 2.400.000,00","R$ 200.000,00",Rio Janeiro,SaaS ,,N/A,,N/A,,,
,SUA CASA NA PLANTA,Sim,Inside Sales," R$  6.273,27 ",V1,Cadu,Andrius ,Felipe ,24/07/2026,TRUE,TRUE,TRUE,TRUE,TRUE,🔴 DANGER,20,,,,,,,0,Antecipação,Sim,Gestão de Alerta (Loop),17/07/2026,eKyte,24/07/2026,Não,,Não,"R$ 20.000,00","R$ 0,00","R$ 0,00",-,-,,,1,15/06/2026,6 meses ,-,,-,-,-,-,-,-,-,-,MEDIUM,"R$ 25.200.000,00","R$ 2.100.000,00",Passo Fundo,real state,GT precisa criar e atualizar,GT precisa criar e atualizar,,Link do Contrato,Link da apresentação,707. SUA CASA NA PLANTA,
1262513696,CONNTA CRÉDITO,Não,Inside Sales," R$  7.318,81 ",V1,Cadu,Daniel ,Juliano,31/07/2026,4,77 MQLs no mês vs meta de 55 (140% do pacing).,1,"8 tarefas ativas vencidas na workspace, máx. 5 dias de atraso.",3,Sem pedido de refação.,3,"Cadência excelente: 5 check-ins confirmados no mês (01,08,15,22,29/07), sempre com cliente presente. Reuniões colaborativas e sem atrito em todas as ocasiões.",1,"Resultado financeiro negativo em ~R$7 mil no mês (faturamento não cobre fee + mídia). Transcrição de 29/07 sinaliza melhora ('desempenho de julho atingiu metas importantes, destaque para campanhas de sindicatos'), mas sem número financeiro específico para confirmar reversão — mantendo nota crítica até confirmação.",🔴 VERMELHO,63,"5 avaliações válidas (01,08,15,22,29/07), cadência excelente e sem atrito em nenhuma. MQL seguiu muito acima da meta o mês inteiro (140% do pacing), mas resultado financeiro negativo (~R$7 mil) persiste — sinal de melhora relatado em 29/07 ('metas importantes atingidas'), porém sem número específico para confirmar reversão. Tendência: mista (MQL forte, resultado ainda incerto) | flag histórica: vermelha (por atrasos e resultado) | confiança: média.",5,Saudável,Não,Gestão de Alerta (Loop),-,eKyte,-,Não,,Sim,"R$ 1.500,00","R$ 1.500,00","R$ 0,00",Pix,N/A,,,8,29/11/2025,6 meses,06/2026,5,5,5,5,5,5,5,Muito desapontado,9,SMALL,"R$ 3.688.428,00","R$ 307.369,00",São Paulo/SP,Empréstimo consignado,CAC Mapeado | Connta Credito ,Connta Crédito |  GrowthPack V26 (Inside Sales),,Link do Contrato,Link da apresentação,581. CONNTA CRÉDITO,
1295925008,ON SYSTEM,Sim,Inside Sales," R$  6.064,16 ",V1,Cadu,Daniel ,Juliano,24/07/2026,FALSE,FALSE,FALSE,FALSE,FALSE,⚫ CRITICAL,0,,,,,,,0,Aviso Prévio,Sim,Gestão de Alerta (Loop) - Onsystem,14/07/2026,eKyte,24/07/2026,Não,,Sim,"R$ 3.000,00","R$ 1.500,00","R$ 1.500,00",Cartão,Pix,,,6,04/02/2026,-,-,-,-,-,-,-,-,-,-,-,,"R$ 0,00","R$ 0,00",São Paulo/SP,Serviço de pronta-resposta,,On System |  GrowthPack V26 (Inside Sales),,Link do Contrato,Pendente,621. ON SYSTEM,
?,TUDDO CRED,Não,Inside Sales," R$  5.855,00 ",V1,Cadu,Daniel ,Juliano,31/07/2026,2,Zero métricas de e-mail/prospecção apresentadas; check-in de 29/07 explicitou 'a gente tá muito no escuro' sobre taxas de abertura/resposta — nenhum número de MQL discutido no mês.,2,"2 tarefas ativas vencidas na workspace, máx. 10 dias de atraso.",2,"Sem entrega ainda avaliável — 1 mês de contrato, projeto em transição de escopo (tráfego pago → e-mail marketing).",3,"Cadência cumprida: 4 check-ins confirmados no mês (01, 15, 22, 29/07) com múltiplos sócios/decisores presentes (Alexandra, Kezia, Larissa). Reunião de 29/07 foi colaborativa — mudança de escopo negociada e aceita por todos, mantendo o valor do contrato.",3,Sem meta de Resultado pactuada — nota fixada em 3 até definição formal de meta (projeto em reestruturação de escopo).,🟡 AMARELO,64,"4 avaliações válidas (01, 15, 22, 29/07). Relacionamento evoluiu de crítico (kickoff sem sócios decisores, 15/07) para saudável (múltiplos sócios engajados, decisão de escopo tomada em conjunto, 29/07). MQL segue sem nenhum dado mensurável o mês inteiro. Tendência: melhorando (relacionamento) | flag histórica: vermelha até 15/07, amarela em 29/07 | confiança: média (mudança recente, vale confirmar continuidade).",0,Antecipação,Sim,Gestão de Alerta (Loop),14/07/2026,eKyte,24/07/2026,Não,,Não,"R$ 0,00","R$ 0,00","R$ 0,00",-,-,,,2,01/06/2026,-,-,,-,-,-,-,-,-,-,-,,"R$ 0,00","R$ 0,00",São Paulo/SP,Empréstimo consignado,-,-,,Link do Contrato,-,686. TUDDO PAY,
1246981575,SPEEDCLOUD,Não,Inside Sales," R$  7.600,00 ",V1,Cadu,Daniel ,Juliano,31/07/2026,2,CPL muito acima do projetado (R$170 vs R$8 estimado sem histórico); KRs desalinhados.,1,"6 tarefas ativas vencidas na workspace, máx. 7 dias de atraso.",3,Sem pedido de refação.,3,"Cadência confirmada: 3 check-ins no mês (02,23,30/07). Transcrição de 30/07: reestruturação de processo, foco em Google Ads, CPL ainda alto mas com plano de redução pela metade — reunião produtiva e colaborativa.",2,"~9 vendas no mês (ticket ~R$80–100+/mês recorrente), mas ainda distante de cobrir fee + mídia com folga.",🔴 VERMELHO,59,"3 avaliações válidas (02,23,30/07). Projeto de SaaS tracionando com Google Ads (~9 vendas/mês), mas CPL ainda muito acima do projetado — plano de redução pela metade definido em 30/07. Tendência: melhorando (comercial) | flag histórica: vermelha (por atrasos) | confiança: média.",8,Antecipação,Sim,Gestão de Alerta (Loop),14/07/2026,eKyte,24/07/2026,Não,,Sim,"R$ 3.000,00","R$ 1.500,00","R$ 0,00",Cartão,N/A,,,9,24/10/2025,60 dias,-,4,4,4,4,4,4,5,Muito desapontado,10,TINY,"R$ 240.000,00","R$ 20.000,00",São Paulo/SP,Hospedagem de site,CAC Mapeado | SpeedCloud,SpeedCloud |  GrowthPack V26 (Inside Sales),,Link do Contrato,Pendente,539. SPEEDCLOUD,
1261961677,EMEC,Não,Inside Sales," R$  4.955,39 ",V1,Cadu,Daniel ,Juliano,31/07/2026,1,"Nenhum dado de funil discutido; projeto em fase de estruturação (auditoria de etapas, acessos ao CRM).",1,"3 tarefas ativas vencidas na workspace, máx. 9 dias de atraso.",3,Sem pedido de refação.,2,"Apenas 1 reunião confirmada no mês (21/07, com emec@emecc.com.br e gestaocomercial@emecc.com.br) — cadência abaixo do ideal. Transcrição mostra sessão de capacitação comercial (cockpit, scripts SPIN/AIDA) com tom positivo e colaborativo, sem atrito.",3,Sem meta de Resultado pactuada — nota fixada em 3 até definição formal de meta (projeto em estruturação).,🔴 VERMELHO,54,"1 avaliação válida no mês (21/07) — cadência abaixo do ideal. Projeto em fase de estruturação comercial (cockpit, scripts, RD Marketing), sessão de capacitação positiva e sem atrito, mas ainda sem funil ativo mensurável. Tendência: indeterminada (dado insuficiente) | flag histórica: vermelha (por atrasos) | confiança: baixa.",0,Aviso Prévio,Sim,Gestão de Alerta (Loop),14/07/2026,eKyte,24/07/2026,Não,,Não,"R$ 1.500,00","R$ 1.500,00","R$ 0,00",Cartão,N/A,,,8,26/11/2025,60 dias,-,,-,-,-,-,-,-,-,-,,"R$ 0,00",,Santa Barbara/MG,Industra de mineração,CAC e Breakeven | Emec,Emec |  GrowthPack V26 (Inside Sales),,Link do Contrato,Link da apresentação,579. EMEC,
1080124691,MUVY,Sim,Inside Sales," R$  4.920,00 ",V2,Cadu,Daniel ,Juliano,24/07/2026,TRUE,TRUE,TRUE,TRUE,FALSE,🟢 SAFE,27,,,,,,,10,Aviso Prévio,Sim,Gestão de Alerta (Loop),14/07/2026,eKyte,24/07/2026,Não,,Sim,"R$ 5.000,00","R$ 5.000,00","R$ 0,00",Cartão,N/A,,,21,18/10/2024,60 dias,06/2026,,-,-,-,-,-,-,-,-,SMALL,"R$ 3.714.625,68","R$ 309.552,14",Chapecó/SC,Academia ,Muvy | GrowthPack V26 (Inside Sales),Muvy | GrowthPack V26 (Inside Sales),,Link do Contrato,Link da apresentação,341. MUVY CLUBE DO MOVIMENTO,
1080124981,INFINITY,Não,Inside Sales," R$  4.683,00 ",V2,Cadu,Daniel ,Juliano,31/07/2026,2,"~500 conversas iniciadas no mês, mas sem integração ao CRM — volume não qualificável como MQL confiável.",1,"7 tarefas ativas vencidas na workspace, máx. 13 dias de atraso.",3,Sem pedido de refação formal.,2,"Divergência entre fontes: o Loop de 28/07 registrou insatisfação explícita do cliente, mas a transcrição da call da mesma data (28/07) mostra reunião estruturada e colaborativa (auditoria de atendimento, pivô para LP/formulário nativo, meta de 30% de conversão em orçamentos). Cadência confirmada (4 check-ins: 07,16,21,28/07). Recomendo validar com o coordenador qual leitura reflete melhor a realidade.",2,"Faturamento de R$11.313 confirmado no mês (transcrição de 28/07) — resultado real, mas histórico da conta (~2 anos) segue fraco.",🔴 VERMELHO,53,"4 avaliações válidas (07,16,21,28/07). Faturamento de R$11.313 confirmado no mês — resultado real, ainda fraco para uma conta de ~2 anos de base. Divergência relevante entre a leitura do Loop (insatisfação explícita) e a transcrição da call de mesma data (colaborativa) — recomendo validação do coordenador. Tendência: mista | flag histórica: vermelha (por atrasos) | confiança: média.",5,Antecipação,Não,Gestão de Alerta (Loop),-,eKyte,-,Não,,Sim,"R$ 4.000,00","R$ 4.000,00","R$ 0,00",Boleto,N/A,,,23,29/08/2024,30 dias,06/2026,3,4,3,3,3,4,3,Pouco Desapontado,8,SMALL,"R$ 4.320.000,00","R$ 360.000,00",Bauru/SP,Equipamentos de Academia,Infinity | GrowthPack V26 (Inside Sales),Infinity | GrowthPack V26 (Inside Sales),,Link do Contrato,Link da apresentação,324. INFINITY - GUSTAVO DE LUCAS CAMARGO,
1282921553,NIKA SECURITIZADORA S/A,Sim,Inside Sales," R$  4.093,25 ",V1,Cadu,Daniel ,Leandro ,24/07/2026,FALSE,FALSE,FALSE,FALSE,FALSE,⚫ CRITICAL,0,,,,,,,0,Tratativa,Não,Acessar Loop,,,,Não,,Não,"R$ 3.000,00","R$ 2.000,00","R$ 1.000,00",Cartão,N/A,,,6,14/01/2026,Sem aviso ,06/2026,,3,2,3,4,2,1,Muito desapontado,5,,"R$ 0,00","R$ 0,00",Americana/SP,Securitizadora,Nika Securitizadora |  GrowthPack V26 (Inside Sales),Nika Securitizadora |  GrowthPack V26 (Inside Sales),,Link do Contrato,,,
1247349794,ALLINI CLOSET,Sim,E-commerce," R$  2.300,00 ",V1,Cadu,Daniel ,Juliano,24/07/2026,FALSE,FALSE,FALSE,FALSE,FALSE,⚫ CRITICAL,0,,,,,,,0,Aviso Prévio,Sim,Gestão de Alerta (Loop) - Allini Closet,14/07/2026,eKyte,24/07/2026,Não,,Não,"R$ 2.000,00","R$ 2.000,00","R$ 0,00",Cartão,N/A,,,10,01/10/2025,60 dias,-,-,-,-,-,-,-,-,-,-,TINY,"R$ 204.000,00","R$ 17.000,00",São Paulo/SP,E-commerce de Moda,CAC e Breakeven | Allini Closet,-,,Link do Contrato,-,531. ALLINI CLOSET,
?,INSTITUTO VITTA CORPUS,Não,Inside Sales," R$  2.112,00 ",V1,Cadu,Daniel ,Juliano,31/07/2026,1,"Nenhum dado de funil discutido nesta rodada ('não aprofundado nesta sprint', segundo o Loop de 28/07).",1,"5 tarefas ativas vencidas na workspace, máx. 9 dias de atraso.",3,Sem pedido de refação.,1,"CRÍTICO: busca ampla na Agenda de julho (termos 'vitta', 'vita corp') retornou zero eventos — nenhuma reunião com o cliente confirmada no mês.",1,Sem mensuração de conversão possível (CRM não movimentado pelo cliente); nenhum dado de resultado.,🔴 VERMELHO,38,"0 avaliações localizadas — busca ampla na Agenda de julho não retornou nenhum evento com o cliente. Dor recorrente do squad (cliente não atualiza CRM) segue sem solução, agora reforçada por ausência total de reunião confirmada. Tendência: indeterminada (sem dado) | flag histórica: vermelha | confiança: nula.",0,Antecipação,Sim,Gestão de Alerta (Loop),14/07/2026,eKyte,24/07/2026,Não,,Sim,"R$ 1.000,00","R$ 1.000,00","R$ 0,00",Cartão,N/A,,,2,01/06/2026,6 meses,-,4,5,5,4,4,5,5,Muito desapontado,9,TINY,"R$ 900.000,00","R$ 75.000,00",Goania/GO,Clinica ,Vitta Corpus | GrowthPack V26 (Inside Sales),Vitta Corpus | GrowthPack V26 (Inside Sales),,Link do Contrato,-,616. VITTA CORPUS SAUDE ESTETICA,
?,CONCLAVE,Não,Inside Sales, R$  -   ,V1,Cadu,Daniel ,Juliano,31/07/2026,1,Projeto de indicação (não é funil de mídia tradicional); nenhum dado de funil aplicável apresentado.,1,"4 tarefas ativas vencidas na workspace, máx. 11 dias de atraso.",3,Sem pedido de refação.,2,"Transcrição de 22/07 mostra trabalho real e colaborativo em andamento (expansão de equipe, estratégia de patrocínio, refinamento de pitch para investidores, estratégia de conteúdo). Porém a contrapartida específica que o Loop cobrava (reunião/jantar com Igor para formalizar indicações) segue sem solução há ~2 meses — ponto crítico separado do trabalho de conteúdo do dia a dia.",1,Nenhuma indicação de cliente novo formalizada ainda (retorno esperado do projeto).,🔴 VERMELHO,43,"2 avaliações válidas (01,22/07). Trabalho de conteúdo e estratégia segue ativo e colaborativo, mas a contrapartida específica do projeto (indicações via reunião/jantar com Igor) está travada há ~2 meses sem solução. Tendência: mista (conteúdo ativo, contrapartida parada) | flag histórica: vermelha (por atrasos e resultado) | confiança: média.",0,Antecipação,Sim,Gestão de Alerta (Loop),14/07/2026,eKyte,24/07/2026,Não,,Sim,"R$ 0,00","R$ 0,00","R$ 0,00",Pix,N/A,,,2,01/06/2026,-,-,,-,-,-,-,-,-,-,-,SMALL,"R$ 3.000.000,00","R$ 250.000,00",São Paulo/SP,Eventos privados,-,-,,Link do Contrato,Link da apresentação,Projeto Conclave - V4,
,GB INSURANCE GROUP LTDA,Não,Inside Sales," R$  6.352,00 ",V2,Cadu,Leonardo ,Guilherme,31/07/2026,4,250 MQLs de 350 leads gerados no mês (72% de conversão) — geração saudável.,1,"8 tarefas ativas vencidas na workspace, máx. 24 dias de atraso.",3,"Sem pedido de refação — problema identificado é operacional/CRM (WhatsApp banido), não de qualidade de entrega.",3,"Cadência excelente: 6 check-ins confirmados no mês (02, 09, 14, 16, 23, 30/07), sempre com múltiplos decisores reais presentes (Edson, Gustavo, Aline, Michele). Reunião de 30/07 mostra normalização: migração para API oficial do WhatsApp em andamento, resolvendo o acúmulo de leads sem atendimento identificado dias antes.",2,"Faturamento mensal de R$9.000–10.000 confirmado no check-in de 30/07 — resultado real, mas sem meta explícita para comparação.",🔴 VERMELHO,68,"6 avaliações válidas (02, 09, 14, 16, 23, 30/07), maior cadência confirmada do lote revisado. Geração de MQL manteve-se forte (72% de conversão) o mês inteiro. Resultado e Relacionamento melhoraram nos últimos dias de julho: faturamento de R$9-10k confirmado e decisores voltaram a participar ativamente após bloqueio do WhatsApp. Atrasos no Ekyte (8 tarefas, 24 dias) seguem sendo o único ponto crítico. Tendência: melhorando (comercial e relacionamento) | flag histórica: vermelha o mês inteiro (por atrasos) | confiança: alta.",4,Aviso Prévio,Sim,Gestão de Alerta (Loop),14/07/2026,eKyte,24/07/2026,Não,,Sim,"R$ 4.000,00","R$ 4.000,00","R$ 0,00",Cartão,N/A,,,4,05/03/2026,6 meses,06/2026,4,5,3,5,5,5,4,Pouco Desapontado,10,,,,Osório - RS,Seguro Solar,Não temos,GB SEGUROS | GrowthPack V26 (Inside Sales),,Link do Contrato,link da apresentação,445. GB SEGUROS,
,SANVIMAX,Não,Inside Sales," R$  4.596,00 ",V2,Cadu,Leonardo ,Guilherme,31/07/2026,1,"Leads chegam mas não são mensuráveis (CRM não movimentado pela atendente do cliente, segundo o Loop de 28/07).",1,"6 tarefas ativas vencidas na workspace, máx. 56 dias de atraso — o mais grave da carteira ativa.",3,"Criativos parados aguardando aprovação do cliente, mas sem reclamação de qualidade da V4.",3,"Cadência confirmada: 5 check-ins no mês (03,10,16,24,31/07), sempre com a atendente (Amanda) presente. Transcrição de 31/07 mostra reunião claramente produtiva: CAC reduzido, relatório formal preparado para a diretoria, meta de investimento definida para agosto (R$12.700) — contradiz parcialmente o tom mais crítico do Loop de 3 dias antes.",1,Proposta de R$3 milhões parada no funil; nenhuma venda fechada no período.,🔴 VERMELHO,49,"5 avaliações válidas (03,10,16,24,31/07), cadência excelente. Sinal de virada nos últimos dias do mês: CAC reduzido, relatório formal para diretoria, meta de agosto definida — contradiz parcialmente o tom mais crítico do Loop de 3 dias antes. Atraso de 56 dias no Ekyte é o mais grave da carteira ativa. Tendência: melhorando (comercial), mas piorando (atrasos) | flag histórica: vermelha (múltiplos) | confiança: alta.",0,Antecipação,Sim,Gestão de Alerta (Loop),14/07/2026,eKyte,24/07/2026,Não,,Sim,"R$ 4.000,00","R$ 3.600,00","R$ 400,00",Cartão,Cartão,,,14,23/05/2025,6 meses,06/2026,-,-,-,-,-,-,-,-,-,,,,São Paulo - SP,Mineração,MC e Breakeven | Sanvimax,Sanvimax Growth Pack 3.0 - Padrão [Visão Por Canal],,Link do Contrato,Link da apresentação,430. Sanvimax Ferramentas LTDA,
,FIMAQ (CAIU),Sim,Inside Sales," R$  4.900,00 ",V2,Cadu,Leonardo ,Guilherme,24/07/2026,FALSE,FALSE,FALSE,FALSE,FALSE,⚫ CRITICAL,0,,,,,,,0,Aviso Prévio,Sim,-,-,,-,Não,,Sim,"R$ 200,00","R$ 200,00","R$ 0,00",Cartão,N/A,,,16,20/03/2025,60 dias,-,,-,-,-,-,-,-,-,-,,,,Rio das ostras - RJ,Equipamento Portuarios,MC e Breakeven | FIMAQ ONSITE,Fimaq | Growth Pack 3.0 - Padrão [Visão Por Canal],,Link do Contrato,Churn,399. FIMAQ SERVICOS ONSITE LTDA,
,TEM DISNEY EM PARIS,Não,Inside Sales," R$  10.025,81 ",V1,Cadu,Leonardo ,Guilherme,31/07/2026,4,"40% da meta de leads do trimestre batida já no 1º mês; CPL ~R$2 vs meta R$5,50 (ótima eficiência).",1,"19 tarefas ativas vencidas na workspace — maior volume absoluto da carteira ativa, máx. 7 dias de atraso.",3,Sem pedido de refação.,3,"Cadência semanal completa confirmada: 4 check-ins reais com o cliente (07,14,21,28/07), sempre com temdisneyemparis@gmail.com presente, sem falha em nenhuma semana. A 'falta de proatividade da Aline' citada no Loop é sobre tarefas específicas (matriz de objeções), não sobre presença em reunião.",1,"Sem dado de venda/faturamento apresentado (funil forte, mas cliente não investe a verba planejada: ~R$1.000 de R$3.300).",🔴 VERMELHO,63,"4 avaliações válidas (07,14,21,28/07), cadência semanal completa e sem falhas. Eficiência de geração é a melhor do lote (CPL ~R$2 vs meta R$5,50), mas cliente não investe a verba planejada e 19 tarefas vencidas no Ekyte (maior volume da carteira) seguem sem solução. Tendência: estável (funil forte, execução travada) | flag histórica: vermelha (por atrasos e resultado) | confiança: alta.",2,Antecipação,Sim,Gestão de Alerta (Loop),14/07/2026,eKyte,24/07/2026,Não,,Sim,"R$ 3.300,00","R$ 2.200,00","R$ 1.100,00",Pix,Pix,,,9,03/11/2025,60 dias,-,4,5,5,3,3,5,5,Muito desapontado,9,,,,Paris,Agencia de turismo,TEM DISNEY EM PARIS MC e Breakeven | Padrão,TEM DISNEY EM PARIS [Growth Pack 3.0] - Padrão [Visão Por Canal],,Link do Contrato,Link da apresentação,568. TEM DISNEY EM PARIS,
,EMPORIO MERLO (CAIU),Sim,PDV," R$  5.000,00 ",V3,Cadu,Leonardo ,Guilherme,24/07/2026,FALSE,FALSE,FALSE,FALSE,FALSE,⚫ CRITICAL,0,,,,,,,0,Aviso Prévio,Sim,-,-,-,-,Não,,Sim,"R$ 1.000,00","R$ 1.000,00","R$ 0,00",Pix,N/A,,,6,28/01/2026,6 meses,-,,-,-,-,-,-,-,-,-,,,,Tangara da Serra - MT ,Restaurante,Não temos,Empório Merlo [Growth Pack 3.0] - Padrão [Visão Por Canal],,Link do Contrato,Churn,518. EMPORIO MERLO LTDA,
,A B MORAES,Não,Inside Sales," R$  4.225,28 ",V1,Cadu,Leonardo ,Guilherme,31/07/2026,2,"Onboarding: R$302 investidos, 166 cliques e 10 leads rastreados em menos de 1 semana de campanha (23–28/07); critério de MQL/SLA ainda em definição com o cliente.",1,"6 tarefas ativas vencidas na workspace, máx. 14 dias de atraso.",3,Sem pedido de refação.,3,"Cadência cumprida (kickoff 03/07 + check-in 31/07); cliente elogiado explicitamente pela proatividade no uso do CRM ('parabéns de coração, você movimenta o lead'). Colaboração ativa na reformulação do Instagram.",3,Sem meta de Resultado pactuada — nota fixada em 3 até definição formal de meta (onboarding recente).,🔴 VERMELHO,64,"2 avaliações válidas (kickoff 03/07, check-in 31/07). Onboarding saudável: cliente extremamente colaborativo e proativo no CRM, geração inicial de leads dentro do esperado para a fase. Único ponto crítico é Atrasos no Ekyte (6 tarefas, 14 dias). Tendência: estável (onboarding saudável) | flag histórica: vermelha (só por atrasos) | confiança: média (poucas semanas de contrato).",0,Saudável,Não,Gestão de Alerta (Loop),-,eKyte,-,Não,,Não ,"R$ 3.000,00","R$ 1.500,00","R$ 1.500,00",Pix,Pix,,,1,03/07/2026,6 meses,-,,-,-,-,-,-,-,-,-,,,,Salto - SP,Bombas Hidrojato,,,,Link do Contrato,Link da apresentação,721. A B MORAES,
,PLATA SERVIÇOS,Não,Inside Sales," R$  5.541,50 ",V1,Cadu,Leonardo ,Guilherme,31/07/2026,1,Nenhuma evidência encontrada nesta rodada. Campo 'Planejamento do Q3' na própria planilha diz 'Não começou'.,2,"1 tarefa ativa vencida na workspace, 6 dias de atraso.",2,Sem entrega ainda avaliável (projeto aparentemente não iniciado).,1,"CRÍTICO: os 2 eventos de julho encontrados (Kick-off 29/07, CRM 30/07) não têm presença confirmada do cliente (attendees só internos, apesar de haver gravação). Transcrição de 30/07 confirma: planejamento estratégico só agendado para 05/08 (depois do fim do mês analisado).",3,Sem meta de Resultado pactuada — nota fixada em 3 até definição formal de meta (projeto não iniciado).,🔴 VERMELHO,49,0 avaliações com presença confirmada do cliente — os 2 eventos de julho encontrados foram só internos. Projeto ainda não iniciado ('Planejamento do Q3 = Não começou'); planejamento estratégico com o cliente só agendado para 05/08. Tendência: indeterminada (sem dado) | flag histórica: vermelha (por relacionamento) | confiança: nula.,0,Saudável,Não,Gestão de Alerta (Loop),-,eKyte,-,Não,,Não,Ainda n foi definido,Ainda n foi definido,Ainda n foi definido,Ainda n foi definido,Ainda n foi definido,,,1,17/06/2026,6 meses,-,,-,-,-,-,-,-,-,-,,,,Sobral - CE,Segurança,,,,Link do Contrato,Não começou,726. PLATA SERVICOS,
,MATEUS SUPLEMENTOS,Não,PDV," R$  5.017,53 ",V1,Cadu,Leonardo ,Guilherme,31/07/2026,1,"Fora a alavanca de upsell, há pouco a reverter no funil atual' (avaliação do próprio time no Loop de 28/07).",1,"6 tarefas ativas vencidas na workspace, máx. 3 dias de atraso.",3,Sem pedido de refação.,1,"CRÍTICO: transcrição do check-in de 24/07 tem apenas 4 segundos de conteúdo ('Fala tu.') — reunião esvaziada, sem conteúdo aproveitável. Os outros 3 eventos de 31/07 (Check-in Semanal, Tratativa, ligar) não têm nenhuma gravação/transcrição anexada.",1,Sem resultado no período; única alavanca é um upsell de R$3.250 ainda não fechado.,🔴 VERMELHO,38,Achado crítico: check-in de 24/07 ficou registrado com apenas 4 segundos de conteúdo (reunião esvaziada); os demais encontros de 31/07 não têm gravação/transcrição alguma. Funil orgânico estagnado; conta depende quase inteiramente do fechamento de um upsell de R$3.250. Tendência: piorando | flag histórica: vermelha (múltiplos) | confiança: baixa.,2,Antecipação,Sim,Gestão de Alerta (Loop),14/07/2026,eKyte,24/07/2026,Não,,Sim,"R$ 2.000,00","R$ 2.000,00","R$ 0,00",Pix,N/A,,,2,26/05/2026,6 meses,-,3,5,3,3,3,4,4,Indiferente,10,,,,Vale Açu - RN,Suplementos,,,,Link do contrato,Link da apresentação,691. MATEUS SUPLEMENTOS,
,MOSSORÓ EMPRESARIAL,Não,Inside Sales," R$  7.493,33 ",V1,Cadu,Leonardo ,Guilherme,31/07/2026,2,"Cliente novo no squad, sem funil ativo ainda.",2,"2 tarefas ativas vencidas na workspace, 2 dias de atraso.",2,Sem entrega ainda avaliável (onboarding).,1,CRÍTICO: cliente pediu estorno do valor pago (convertido em assessoria) — insatisfação explícita já manifestada. Busca ampla na Agenda ('mossor') retornou zero eventos em julho — nenhuma reunião confirmada.,3,Sem meta de Resultado pactuada — nota fixada em 3 até definição formal de meta (onboarding recente).,🔴 VERMELHO,53,0 avaliações — busca ampla na Agenda de julho não retornou nenhum evento com o cliente. Onboarding nasce com um sinal de alerta relevante (pedido de estorno) sem reaproximação formal ainda realizada. Tendência: indeterminada (sem dado) | flag histórica: vermelha (por relacionamento) | confiança: nula.,0,Saudável,Não,-,-,-,-,Não,,Sim,,,,,,,,0,29/07/2026,6 meses,-,,-,-,-,-,-,-,-,-,SMALL,"R$ 4.000.000,00","R$ 333.333,33",São Luís - MA,Móveis,,,,Link do Contrato ,-,687. MOSSORO EMPRESARIAL,
,SUÍTES VISTA PRO MAR,Não,Inside Sales," R$  5.051,92 ",V1,Cadu,Leonardo ,Guilherme,04/08/2026,2,,2,,2,,1,,3,,🔴 VERMELHO,53,,0,Saudável,Não,-,-,-,-,Não,,,,,,,,,,0,30/07/2026,6 meses,-,,,,,,,,,,SMALL,"R$ 1.500.000,00","R$ 125.000,00",Ilha Bela - SP,Aluguel,,,,Link do Contrato,-,749. SUITES VISTA PRO MAR ILHABELA,